BP_similarity,MF_similarity,CC_similarity,Exists in MINT?,Exists in DIP?,Exists in APID?,Exists in BIOGRID?,Sequence_similarity,pfam_interaction,A %,L %,F %,I %,M %,V %,S %,P %,T %,Y %,H %,Q %,N %,K %,D %,E %,C %,W %,R %,G %,MW dif,Aromaticity dif,Instability dif,helix_fraction_dif,turn_fraction_dif,sheet_fraction_dif,cys_reduced_dif,cys_residues_dif,gravy_dif,ph7_charge_dif,GSE227375_spearman,GSE228702_spearman
0,0,0,1,1,1,1,1,1,0,0,1,0,0,1,1,0,0,0,0,1,0,0,0,0,1,1,1,1,0,1,1,0,1,0,0,0,0,0,0,0
0,0,0,1,1,1,1,1,1,1,0,0,0,1,1,0,0,0,1,0,1,1,0,0,0,1,0,1,1,0,1,0,0,1,1,0,0,1,1,0,0
0,1,0,0,1,1,1,1,1,0,1,1,0,0,1,1,0,0,1,0,1,1,0,0,1,1,1,1,1,0,0,0,0,0,1,0,0,1,0,0,0
0,0,0,1,1,1,1,1,1,1,0,1,0,1,1,1,0,0,1,0,1,1,0,0,0,1,1,1,1,0,1,0,0,0,1,0,0,1,0,0,0
0,0,0,1,1,1,1,1,1,0,1,1,0,1,1,0,0,0,1,0,1,1,0,1,0,1,1,1,1,0,1,0,1,1,1,0,0,1,0,0,0
0,0,0,1,1,1,1,1,1,1,0,1,0,0,1,1,0,0,0,0,1,0,1,0,0,1,0,1,1,0,1,0,0,1,1,0,0,1,1,0,0
0,0,0,1,1,1,1,1,1,1,0,1,0,0,1,1,0,0,0,0,1,0,1,0,0,1,0,1,1,0,1,0,0,1,1,0,0,1,1,0,0
0,1,0,1,1,1,1,1,1,0,1,1,0,1,1,1,0,1,0,0,1,0,1,0,1,1,1,0,1,0,1,0,0,1,1,0,0,1,0,0,0
0,1,0,1,1,1,1,1,1,1,0,1,0,1,1,1,0,0,0,0,1,1,0,0,0,1,1,1,1,0,1,1,0,1,0,0,0,0,0,0,0
0,0,0,1,1,1,1,1,1,1,0,1,0,1,1,1,0,0,1,0,1,0,1,0,1,1,1,1,1,0,1,1,0,1,1,0,0,1,1,0,0
0,0,0,1,1,1,1,1,1,1,0,1,0,1,1,1,0,0,0,0,1,0,1,0,1,1,1,1,1,0,1,1,0,1,0,0,0,0,0,0,0
0,0,0,1,1,0,1,1,1,0,1,1,0,1,1,1,0,0,0,0,1,1,0,0,0,1,1,1,1,0,1,1,0,1,0,0,0,0,0,0,0
0,1,0,1,1,1,1,1,1,1,0,1,0,1,1,0,0,0,1,0,1,1,0,1,0,1,1,1,1,0,1,0,1,1,1,0,0,1,0,0,0
0,1,0,1,1,1,1,1,1,1,0,1,0,1,1,1,0,0,0,0,1,1,0,0,0,1,1,1,1,0,1,1,0,1,0,0,0,0,0,0,0
0,1,0,1,1,1,1,1,1,0,1,1,0,1,1,1,0,1,0,0,1,0,1,0,1,1,1,0,1,0,1,0,0,1,1,0,0,1,0,0,0
0,0,0,1,1,1,1,1,1,1,0,1,0,1,1,1,0,0,1,0,0,1,1,1,0,1,1,1,1,0,1,0,0,0,1,0,0,1,1,0,0
0,0,0,1,1,1,1,1,1,1,0,1,0,1,1,1,0,0,1,0,0,1,1,1,0,1,1,1,1,0,1,0,0,1,1,0,0,1,1,0,0
0,0,0,1,1,1,1,1,1,0,1,1,0,0,1,1,0,0,0,0,1,0,0,0,0,1,1,1,1,0,1,1,0,1,0,0,0,0,0,0,0
0,0,0,1,1,1,1,1,1,0,0,1,0,1,1,0,0,0,1,0,1,1,0,1,0,1,1,1,1,0,1,0,1,1,1,0,0,1,0,0,0
0,0,0,0,1,1,1,1,1,0,1,0,0,0,1,1,0,0,1,0,1,1,0,0,1,1,1,1,1,0,1,0,0,0,1,0,0,1,0,0,0
